Timestamp,MOS video sequence 1: http://tiny.cc/u6xe7y,MOS video sequence 2: http://tiny.cc/g9xe7y,MOS video sequence 3: http://tiny.cc/z9xe7y,MOS video sequence 4: http://tiny.cc/zaye7y,MOS video sequence 5: http://tiny.cc/cbye7y,MOS video sequence 6: http://tiny.cc/sbye7y,Gender,Age,Country
2019/05/29 12:08:19 PM GMT+2,3,4,3,2,1,1,Male,33,Spain
2019/05/29 12:09:15 PM GMT+2,4,3,2,2,1,1,Male,27,Spain
2019/05/29 12:10:23 PM GMT+2,5,4,3,2,1,1,Male,23,Spain
2019/05/29 12:10:24 PM GMT+2,3,5,4,2,1,1,Male,24,Spain
2019/05/29 12:10:25 PM GMT+2,4,4,4,2,1,1,Male,24,Spain
2019/05/29 12:10:52 PM GMT+2,5,4,4,3,2,1,Male,25,Spain
2019/05/29 12:11:13 PM GMT+2,5,4,3,2,1,1,Male,40,Spain
2019/05/29 12:11:16 PM GMT+2,4,4,3,2,1,1,Male,26,Spain
2019/05/29 12:11:48 PM GMT+2,3,4,4,2,1,1,Male,25,Spain
2019/05/29 12:23:17 PM GMT+2,4,3,3,2,1,1,Male,40,Spain
2019/06/05 4:35:19 PM GMT+2,4,3,3,3,2,1,Male,29,India
2019/06/05 5:36:37 PM GMT+2,4,3,3,2,2,1,Male,31,Romania
2019/06/06 9:53:56 AM GMT+2,4,3,2,2,1,1,Female,48,Spain
2019/06/13 4:01:16 PM GMT+2,3,2,3,2,1,1,Male,47,Spain
2019/06/13 11:44:01 PM GMT+2,4,4,3,2,1,1,Male,24,Spain
2019/06/14 10:42:09 AM GMT+2,4,4,3,2,1,1,Male,39,Spain
2019/06/14 10:56:03 AM GMT+2,4,3,3,2,1,1,Male,39,Spain
2019/06/14 10:58:09 AM GMT+2,3,5,2,4,1,1,Male,37,Germany
2019/06/14 11:10:03 AM GMT+2,3,3,3,2,1,1,Male,34,Spain
2019/06/14 11:10:42 AM GMT+2,3,3,2,1,1,1,Male,38,France
2019/06/14 12:27:16 PM GMT+2,2,3,2,1,1,1,Male,27,Spain
2019/06/14 1:52:16 PM GMT+2,4,3,3,2,1,1,Male,40,Italy
2019/06/14 3:23:14 PM GMT+2,3,3,2,2,1,1,Female,50,Ireland
2019/06/14 4:36:10 PM GMT+2,4,3,2,1,1,1,Male,42,Spain
2019/06/14 4:46:26 PM GMT+2,5,5,3,2,1,1,Male,29,Spain
2019/06/14 4:57:04 PM GMT+2,3,2,2,2,2,1,Female,58,Italy
2019/06/14 5:28:02 PM GMT+2,3,3,2,2,1,1,Male,25,Turkey
2019/06/14 7:36:12 PM GMT+2,2,2,2,1,1,1,Male,27,Russia
2019/06/14 8:05:17 PM GMT+2,3,3,3,1,1,1,Male,39,Canada
2019/06/14 10:40:28 PM GMT+2,4,4,3,1,1,1,Male,34,Israel
2019/06/15 10:14:46 PM GMT+2,3,3,3,2,1,1,Male,30,Russia
2019/06/17 8:41:37 AM GMT+2,3,2,2,1,1,1,Female,24,Spain
2019/06/17 3:56:16 PM GMT+2,2,2,3,2,1,1,Male,23,Spain
2019/06/19 10:33:09 AM GMT+2,2,2,1,1,1,1,Male,48,Australia
2019/06/19 11:53:06 AM GMT+2,3,3,3,2,2,1,Male,33,Russia
2019/06/19 2:48:07 PM GMT+2,3,3,3,3,2,1,Male,50,India
2019/06/19 10:22:35 PM GMT+2,3,3,2,2,1,1,Male,68,United States
2019/06/19 11:52:27 PM GMT+2,3,3,2,2,1,1,Male,57,Australia
2019/06/20 4:11:04 PM GMT+2,3,3,2,3,1,1,Male,29,Spain
2019/06/21 5:58:33 PM GMT+2,3,4,3,3,2,1,Male,34,United Kingdom
